Workbook

Sheet Form responses 1
B2: Relationship Manager Name | C2: How would you rate the digital interface and user experience of SBI wealth management platform? | D2: Have you leveraged Centre of influences like partnering with Accountants, Portfolio Doctors, Real Estate Professionals etc. | E2: On average, how many wealth clients do you manage per month? | F2: Do you deliver Exceptional Personalized service like customizing financial Plans to not just risk profiles but most important, to life goals (child education, marriage, retirement)? | G2: Reforms in Products to cater Young Affluent Investor Base Rating? | H2: Are Home Branches/ Retail Employees well versed with wealth products | I2: Should IWMS Portal should be synced with CBS (Core Banking Solutions) to Bridge gap between wealth Business & Retail Banking. | J2: Does your wealth service use DLT (Distributed Ledgers Technology) based shared KYC Platform & Client Onboarding Process across it’s group (SBI Mutual Fund, SBI Life, etc) | K2: Does your wealth service use smart contracts (automated fee payment from your Portfolio or fund switch based on predefined preference) for private wealth account automation? | L2: Does your wealth service use E-Aggregators to integrate data from SBI Life, SBI Mutual Fund, and even third-party investments into a single consolidated dashboard for 360-degree Financial View? | M2: Does your wealth service use Robo advisors for clients and AI-Based Prompt for RM’s suggesting Products offerings based on Client investment behaviour? | N2: What is the Client Retention Ratio?
B3: Vandana Bharti | C3: 4 | D3: Yes | E3: 35 | F3: Yes | G3: =(8/8)*5 -> 5 | H3: No | I3: No | J3: No | K3: No | L3: No | M3: 4 | N3: 4
B4: Navin kumar | C4: 4 | D4: Yes | E4: 50 | F4: No | G4: =(5/8)*5 -> 3.125 | H4: No | I4: Yes | J4: Partially | K4: No | L4: No | M4: 4 | N4: 3
B5: Shobhit Tripathi | C5: 3 | D5: Yes | E5: 100 | F5: Yes | G5: =(5/8)*5 -> 3.125 | H5: Somewhat | I5: Yes | J5: Yes | K5: No | L5: Partially | M5: 4 | N5: 4
B6: Shalini Singh | C6: 3 | D6: No | E6: 100 | F6: Yes | G6: =(5/8)*5 -> 3.125 | H6: Somewhat | I6: Yes | J6: Partially | K6: Yes | L6: Partially | M6: 4 | N6: 2
B7: Ujjaval Verma | C7: 5 | D7: No | E7: 100 | F7: Yes | G7: =(4/8)*5 -> 2.5 | H7: Yes | I7: Yes | J7: No | K7: No | L7: Yes | M7: 2 | N7: 4
B8: Mallika Bhattacharya | C8: 5 | D8: Yes | E8: - | F8: Yes | G8: =(5/8)*5 -> 3.125 | H8: No | I8: Yes | J8: Yes | K8: Partially | L8: Partially | M8: 4 | N8: 4
B9: Agnivesh Kumar | C9: 4 | D9: Yes | E9: 250 | F9: Yes | G9: =(3/8)*5 -> 1.875 | H9: No | I9: Yes | J9: Yes | K9: No | L9: Partially | M9: 3 | N9: 4
B10: Adarsh Ranjan | C10: 2 | D10: Yes | E10: 35 | F10: Yes | G10: =(6/8)*5 -> 3.75 | H10: No | I10: Yes | J10: No | K10: No | L10: Partially | M10: 4 | N10: 3
B11: Rahul Gupta | C11: 4 | D11: No | E11: 40 | F11: Yes | G11: =(4/8)*5 -> 2.5 | H11: Somewhat | I11: Yes | J11: No | K11: No | L11: No | M11: 4 | N11: 4
B12: Chetan Kumar | C12: 3 | D12: No | E12: 20 | F12: Yes | G12: =(2/8)*5 -> 1.25 | H12: Yes | I12: Yes | J12: No | K12: No | L12: Yes | M12: 4 | N12: 4
B13: Nitin Sethi | C13: 3 | D13: Yes | E13: 55 | F13: Yes | G13: =(4/8)*5 -> 2.5 | H13: No | I13: Yes | J13: No | K13: Yes | L13: Partially | M13: 4 | N13: 3
B14: Aman Kumar | C14: 3 | D14: Yes | E14: 200 | F14: Yes | G14: =(3/8)*5 -> 1.875 | H14: No | I14: Yes | J14: No | K14: No | L14: Yes | M14: 4 | N14: 3

Sheet Summary Analysis
B2: Wealth Survey Summary | C2: Results
B3: Total RM Responses | C3: =COUNTA('Form responses 1'!B3:B21) -> 12
B4: Average Digital Experience & Satisfaction Score | C4: =AVERAGE('Form responses 1'!C3:C21) -> 3.5833333
B5: Center of Influences Leverage (Yes%) | C5: =(COUNTIF('Form responses 1'!D3:D21, "Yes")/COUNTA('Form responses 1'!D3:D21))*5 -> 3.3333333
B6: Provision of Personalised Services (Yes%) | C6: =(COUNTIF('Form responses 1'!F3:F21,"Yes")/COUNTA('Form responses 1'!F3:F21))*5 -> 4.5833333
B7: IWMS Portal synced with CBS(Core Banking Solution) (Yes%) | C7: =(COUNTIF('Form responses 1'!I3:I21,"Yes")/COUNTA('Form responses 1'!I3:I21))*5 -> 4.5833333
B8: Reforms in Products to cater Young Affluent Investor Base Rating? | C8: =AVERAGE(Form_Responses1[Reforms in Products to cater Young Affluent Investor Base Rating?]) -> 2.8125
B9: Are Home Branches/ Retail Employees well versed with wealth products (Yes%) | C9: =(COUNTIF('Form responses 1'!H3:H21,"Yes")/COUNTA('Form responses 1'!H3:H21))*5 -> 0.83333333
B10: IWMS Portal synced with CBS(Core Banking Solution) (Yes%) | C10: =(COUNTIF('Form responses 1'!I3:I21,"Yes")/COUNTA('Form responses 1'!I3:I21))*5 -> 4.5833333
B11: SBI Wealth using DLT (Distributed Ledger Technology) (Yes%) | C11: =(COUNTIF('Form responses 1'!J3:J21,"Yes")/COUNTA('Form responses 1'!J3:J21))*5 -> 1.25
B12: SBI Wealth using Smart Contracts (Yes%) | C12: =(COUNTIF('Form responses 1'!K3:K21, "Yes")/COUNTA('Form responses 1'!K3:K21))*5 -> 0.83333333
B13: SBI Wealth using E-Aggregators (Yes%) | C13: =(COUNTIF('Form responses 1'!L3:L21,"Yes")/COUNTA('Form responses 1'!L3:L21))*5 -> 1.25
B14: SBI Wealth using Robo advisors & AI-Based Prompts | C14: =MODE('Form responses 1'!M3:M21) -> 4
B15: SBI Wealth Client Retention Ratio | C15: =AVERAGE('Form responses 1'!N3:N21) -> 3.5
